record_id,patient_id,visit_date,blood_pressure,blood_type,heart_rate,temperature_c,diagnosis
1,1,2024-03-18,96/67,B+,89,36.1,Annual physical
2,2,2024-05-10,113/87,A+,74,37.2,Joint pain
3,3,2024-08-03,100/82,B-,97,36.3,Medication review
4,4,2026-02-06,147/99,B+,70,38.8,Medication review
5,5,2024-01-26,117/86,B+,102,39.0,Medication review
6,6,2024-09-30,147/75,B+,105,38.2,Asthma follow-up
7,7,2024-08-15,99/90,B-,107,38.9,Annual physical
8,8,2024-08-16,134/74,A+,97,36.6,Annual physical
9,9,2026-03-02,130/64,AB+,77,38.1,Asthma follow-up
10,10,2024-04-28,137/61,AB+,66,37.9,Seasonal allergies
11,11,2025-09-02,99/66,O+,77,38.3,Annual physical
12,12,2025-06-07,150/98,A-,79,38.9,Migraine
13,13,2025-12-26,127/62,O+,55,37.7,Medication review
14,14,2025-03-17,120/83,A-,97,38.9,Cholesterol review
15,15,2026-01-07,135/67,AB+,87,37.0,Asthma follow-up
16,16,2025-12-14,136/85,AB+,90,36.4,Asthma follow-up
17,17,2025-09-22,143/71,AB+,80,37.8,Routine checkup
18,18,2024-08-03,133/78,O+,105,37.9,Anemia evaluation
19,19,2025-03-28,136/89,O-,98,36.7,Back pain
20,20,2024-10-17,116/65,AB-,60,38.6,Medication review
21,21,2024-08-18,125/79,B-,64,36.1,Migraine
22,22,2026-02-25,155/99,A-,84,37.3,Anemia evaluation
23,23,2025-05-21,119/84,O+,70,36.5,Thyroid check
24,24,2026-03-08,95/66,O+,69,36.6,Thyroid check
25,25,2025-07-24,154/63,B-,109,36.4,Diabetes screening
26,26,2025-07-26,154/93,AB-,103,38.9,Cholesterol review
27,27,2025-07-15,159/87,O-,65,38.4,Back pain
28,28,2026-02-08,152/76,B-,108,38.0,Medication review
29,29,2024-09-01,157/100,AB+,83,36.2,Seasonal allergies
30,30,2024-12-09,125/77,AB-,89,36.3,Diabetes screening
31,31,2025-12-11,124/84,B+,100,36.7,Asthma follow-up
32,32,2025-07-09,147/81,O-,81,36.2,Vaccination visit
33,33,2026-02-27,148/84,A+,109,38.8,Cholesterol review
34,34,2024-01-07,143/90,AB-,74,38.4,Vaccination visit
35,35,2026-02-04,148/94,B-,86,36.7,Asthma follow-up
36,36,2025-02-02,157/61,AB-,97,38.2,Asthma follow-up
37,37,2024-05-10,116/89,A+,80,37.9,Anemia evaluation
38,38,2025-10-20,98/65,O+,63,38.8,Diabetes screening
39,39,2025-01-23,101/76,AB-,68,37.5,Annual physical
40,40,2026-02-09,143/77,O+,71,38.7,Back pain
41,41,2024-02-23,97/94,AB-,69,38.1,Medication review
42,42,2024-09-10,100/61,B-,108,36.1,Diabetes screening
43,43,2025-04-29,125/68,A-,91,39.0,Back pain
44,44,2024-06-20,127/83,A-,104,38.6,Seasonal allergies
45,45,2024-01-27,108/97,AB+,91,38.2,Asthma follow-up
46,46,2024-03-18,145/72,B-,61,38.2,Seasonal allergies
47,47,2026-03-12,110/96,A+,77,37.7,Anemia evaluation
48,48,2025-06-02,142/64,AB-,55,38.7,Vaccination visit
49,49,2025-03-19,157/66,AB-,95,38.9,Back pain
50,50,2024-06-29,114/87,AB+,94,38.6,Flu symptoms
51,51,2025-03-22,156/89,AB+,75,38.7,Vaccination visit
52,52,2025-04-06,106/77,B-,103,37.5,Cholesterol review
53,53,2024-01-30,143/81,O-,109,37.0,Back pain
54,54,2026-03-27,122/82,AB+,76,36.9,Cholesterol review
55,55,2024-01-11,130/95,B-,60,36.8,Asthma follow-up
56,56,2026-02-15,157/95,B-,99,37.5,Thyroid check
57,57,2026-03-22,157/88,A+,60,36.9,Asthma follow-up
58,58,2025-11-10,126/79,AB-,85,37.8,Annual physical
59,59,2024-12-04,149/95,AB-,99,37.5,Seasonal allergies
60,60,2024-05-03,127/74,B-,75,36.4,Flu symptoms
61,61,2024-08-09,118/72,O-,72,38.3,Medication review
62,62,2024-07-17,131/66,AB+,69,37.2,Seasonal allergies
63,63,2024-05-09,96/94,AB+,57,39.1,Flu symptoms
64,64,2025-10-15,132/68,O-,61,38.8,Cholesterol review
65,65,2025-05-05,131/90,O-,76,36.6,Routine checkup
66,66,2024-04-26,127/90,A-,80,37.6,Cholesterol review
67,67,2024-06-01,101/69,AB+,60,39.2,Hypertension follow-up
68,68,2025-09-02,148/98,B-,104,37.7,Back pain
69,69,2025-08-25,151/79,O+,74,37.8,Routine checkup
70,70,2025-10-02,107/73,B-,71,38.1,Diabetes screening
71,71,2025-07-19,125/71,A-,65,36.0,Back pain
72,72,2024-02-03,155/78,B-,73,38.3,Thyroid check
73,73,2025-12-04,153/64,B-,71,38.5,Anemia evaluation
74,74,2024-04-27,120/87,B-,96,36.5,Seasonal allergies
75,75,2024-03-02,113/64,B+,105,37.0,Thyroid check
76,76,2024-05-07,131/88,O-,99,37.0,Asthma follow-up
77,77,2025-07-06,129/92,O-,83,36.3,Routine checkup
78,78,2025-09-10,150/80,AB+,56,36.3,Anemia evaluation
79,79,2025-08-13,97/77,A+,103,38.4,Back pain
80,80,2024-07-04,151/77,O+,95,38.6,Hypertension follow-up
81,81,2025-02-22,155/82,AB-,75,38.1,Vaccination visit
82,82,2025-02-25,115/81,O-,73,38.1,Asthma follow-up
83,83,2024-03-31,99/89,AB-,71,37.0,Medication review
84,84,2024-01-02,146/92,O-,81,36.2,Flu symptoms
85,85,2026-02-13,141/99,O-,95,37.4,Routine checkup
86,86,2025-07-16,121/77,B+,73,37.4,Thyroid check
87,87,2024-01-30,157/67,B-,100,36.5,Flu symptoms
88,88,2025-02-21,96/95,A-,69,39.2,Joint pain
89,89,2024-04-30,109/89,B+,86,39.0,Seasonal allergies
90,90,2025-03-01,160/77,O-,85,36.8,Flu symptoms
91,91,2024-07-14,113/84,B+,110,36.2,Medication review
92,92,2026-03-17,148/81,AB+,107,36.0,Thyroid check
93,93,2025-08-16,133/97,O-,110,36.5,Flu symptoms
94,94,2024-12-06,156/82,O+,84,39.0,Vaccination visit
95,95,2025-08-08,119/75,O+,69,38.7,Asthma follow-up
96,96,2026-02-01,100/80,O-,100,38.9,Asthma follow-up
97,97,2025-05-22,144/69,A+,63,37.6,Cholesterol review
98,98,2025-03-26,137/66,A-,88,38.9,Routine checkup
99,99,2025-11-01,113/86,B+,59,37.5,Seasonal allergies
100,100,2025-12-10,138/99,O+,96,36.3,Annual physical
101,1,2025-10-03,143/80,O-,110,37.7,Cholesterol review
102,2,2025-10-08,103/75,AB+,69,38.4,Asthma follow-up
103,3,2025-12-21,107/100,A-,83,36.5,Seasonal allergies
104,4,2024-11-28,98/62,A+,73,37.1,Asthma follow-up
105,5,2025-06-27,113/75,O+,91,38.2,Diabetes screening
106,6,2024-03-21,116/71,O+,94,38.2,Back pain
107,7,2025-04-17,113/74,AB+,84,36.8,Routine checkup
108,8,2025-11-24,154/78,B+,59,37.4,Annual physical
109,9,2025-03-10,133/100,AB+,84,38.7,Migraine
110,10,2024-04-19,144/90,B-,79,37.8,Cholesterol review
111,11,2024-01-23,132/78,O+,72,36.0,Vaccination visit
112,12,2026-02-02,101/98,O-,108,38.9,Seasonal allergies
113,13,2024-12-26,124/98,B-,95,36.6,Seasonal allergies
114,14,2024-04-09,112/100,A+,74,38.5,Routine checkup
115,15,2024-04-02,141/68,AB+,75,38.4,Diabetes screening
116,16,2026-03-16,120/68,AB-,88,37.6,Seasonal allergies
117,17,2025-05-08,116/76,AB+,102,38.8,Medication review
118,18,2024-03-18,109/89,B+,103,39.1,Vaccination visit
119,19,2025-01-09,145/95,A-,105,37.3,Seasonal allergies
120,20,2025-01-12,110/89,AB+,92,37.2,Anemia evaluation
121,21,2025-11-22,142/66,B-,85,36.1,Joint pain
122,22,2024-08-14,136/99,A-,95,38.6,Joint pain
123,23,2024-04-29,133/86,B+,57,39.0,Seasonal allergies
124,24,2024-04-09,158/67,B-,89,36.4,Back pain
125,25,2025-03-05,142/94,B+,81,38.1,Vaccination visit
126,26,2025-02-21,157/99,AB+,57,38.2,Migraine
127,27,2024-08-29,151/88,AB-,61,39.1,Annual physical
128,28,2025-02-11,140/63,AB+,67,39.1,Vaccination visit
129,29,2025-11-09,153/65,B-,96,38.0,Routine checkup
130,30,2024-09-06,101/81,B+,105,37.8,Hypertension follow-up
131,31,2024-08-09,121/97,B-,76,38.5,Medication review
132,32,2024-05-28,95/77,B+,89,36.8,Diabetes screening
133,33,2024-05-14,109/61,A+,77,38.5,Migraine
134,34,2024-06-27,136/61,AB+,58,36.4,Asthma follow-up
135,35,2025-05-02,109/64,O-,104,37.2,Cholesterol review
136,36,2025-05-30,108/88,B-,94,36.1,Medication review
137,37,2025-10-20,133/89,A+,58,39.2,Vaccination visit
138,38,2025-12-03,146/87,A-,86,38.3,Back pain
139,39,2024-11-25,104/65,B+,59,36.4,Cholesterol review
140,40,2025-09-03,136/84,AB+,84,37.6,Asthma follow-up
141,41,2025-11-01,107/67,B-,82,37.4,Migraine
142,42,2025-04-09,147/81,O+,81,38.3,Annual physical
143,43,2025-11-12,149/80,AB+,78,39.1,Anemia evaluation
144,44,2024-04-03,155/64,A-,60,37.4,Thyroid check
145,45,2025-07-23,142/68,A+,92,39.1,Flu symptoms
146,46,2025-02-24,137/67,AB-,110,38.1,Medication review
147,47,2024-10-21,149/63,AB+,77,36.3,Flu symptoms
148,48,2025-11-03,122/69,O-,69,38.7,Annual physical
149,49,2026-02-19,142/67,AB+,91,36.7,Asthma follow-up
150,50,2025-11-04,98/98,AB+,56,36.6,Thyroid check
151,51,2024-12-25,134/81,A+,66,38.8,Cholesterol review
152,52,2024-05-25,146/64,A+,60,38.4,Migraine
153,53,2025-04-09,143/86,AB-,65,37.2,Thyroid check
154,54,2025-09-02,136/96,A-,58,36.5,Medication review
155,55,2024-10-05,101/65,O-,97,37.4,Cholesterol review
156,56,2024-10-06,151/86,B-,103,37.6,Annual physical
157,57,2024-10-17,150/67,O-,88,38.1,Routine checkup
158,58,2025-09-05,123/85,A+,55,36.7,Migraine
159,59,2024-10-23,112/76,AB-,62,36.0,Thyroid check
160,60,2024-05-12,150/71,O+,89,38.3,Flu symptoms
161,61,2025-02-10,140/64,A+,82,36.1,Joint pain
162,62,2025-08-12,104/80,O+,91,37.3,Anemia evaluation
163,63,2024-04-27,148/78,O+,56,39.1,Diabetes screening
164,64,2024-03-31,153/83,O+,109,36.3,Asthma follow-up
165,65,2024-03-21,146/93,O+,110,37.0,Annual physical
166,66,2026-03-08,123/81,B+,59,37.6,Hypertension follow-up
167,67,2026-03-05,160/72,AB-,77,38.3,Vaccination visit
168,68,2024-04-15,113/75,B+,71,36.6,Cholesterol review
169,69,2024-06-30,114/64,O-,84,38.4,Medication review
170,70,2025-10-20,152/96,AB-,110,39.1,Annual physical
171,71,2024-03-10,114/88,O-,83,38.0,Medication review
172,72,2024-02-27,130/97,AB-,87,36.2,Back pain
173,73,2024-02-28,152/62,AB-,108,36.9,Anemia evaluation
174,74,2025-08-31,106/99,O+,84,37.9,Medication review
175,75,2025-08-08,100/88,B-,75,37.9,Flu symptoms
176,76,2025-04-06,114/63,A-,106,38.9,Annual physical
177,77,2025-10-23,105/92,B+,57,36.8,Back pain
178,78,2025-06-19,151/93,B+,78,37.2,Seasonal allergies
179,79,2026-03-04,144/86,AB-,98,37.9,Medication review
180,80,2024-12-03,137/64,A-,90,38.2,Seasonal allergies
181,81,2024-06-02,127/98,AB-,60,37.9,Diabetes screening
182,82,2025-11-02,139/79,O+,63,37.9,Hypertension follow-up
183,83,2025-01-20,134/95,AB-,107,36.4,Thyroid check
184,84,2025-06-04,106/87,AB-,56,37.2,Diabetes screening
185,85,2026-02-23,122/81,O-,67,36.7,Diabetes screening
186,86,2024-10-29,114/64,A-,87,38.5,Vaccination visit
187,87,2026-02-23,99/81,B+,93,37.2,Diabetes screening
188,88,2024-06-18,118/99,O-,57,37.3,Anemia evaluation
189,89,2025-09-17,125/88,AB+,103,38.4,Back pain
190,90,2024-09-01,124/94,AB+,106,38.5,Joint pain
191,91,2025-11-25,119/83,O-,84,38.5,Medication review
192,92,2025-06-24,143/92,O+,65,38.6,Medication review
193,93,2024-02-23,112/76,O-,110,37.2,Joint pain
194,94,2024-05-07,108/93,AB+,60,38.4,Seasonal allergies
195,95,2024-05-30,152/92,O+,60,39.0,Migraine
196,96,2024-01-28,152/82,O+,58,37.3,Annual physical
197,97,2024-03-24,125/84,AB-,69,36.1,Joint pain
198,98,2026-03-21,107/81,B+,63,36.1,Joint pain
199,99,2026-02-16,155/68,O-,83,38.0,Joint pain
200,100,2024-09-19,105/61,B-,108,36.5,Thyroid check
201,1,2026-03-05,149/67,AB+,70,37.0,Routine checkup
202,2,2025-10-16,125/86,O-,59,36.4,Joint pain
203,3,2025-07-02,158/98,A+,95,37.6,Migraine
204,4,2025-03-15,113/78,A+,94,37.1,Cholesterol review
205,5,2025-11-11,148/71,A-,88,39.1,Hypertension follow-up
206,6,2025-07-21,159/92,A+,79,38.8,Routine checkup
207,7,2024-09-16,144/83,A+,77,38.5,Annual physical
208,8,2024-04-16,125/100,AB-,63,36.1,Flu symptoms
209,9,2026-03-08,138/71,O-,99,37.5,Diabetes screening
210,10,2026-01-03,112/64,O-,57,36.9,Routine checkup
211,11,2024-11-19,120/62,AB+,87,37.3,Vaccination visit
212,12,2024-02-07,155/76,B-,73,37.1,Medication review
213,13,2024-10-06,101/81,A-,106,37.2,Joint pain
214,14,2025-01-30,146/88,AB-,66,37.6,Back pain
215,15,2024-09-30,142/93,A-,101,37.4,Asthma follow-up
216,16,2024-10-27,118/94,AB-,61,36.3,Anemia evaluation
217,17,2025-04-01,132/79,O+,65,38.2,Annual physical
218,18,2026-01-14,152/62,AB-,94,39.2,Seasonal allergies
219,19,2025-11-18,102/64,O+,78,37.6,Thyroid check
220,20,2024-05-26,115/61,O-,57,36.4,Migraine
221,21,2025-01-27,141/83,A+,93,36.5,Back pain
222,22,2025-03-30,142/83,A-,91,36.4,Annual physical
223,23,2025-10-27,145/80,AB+,70,39.1,Routine checkup
224,24,2025-06-14,118/91,O+,90,36.4,Medication review
225,25,2024-08-07,128/88,AB+,99,38.9,Back pain
226,26,2024-05-18,120/67,A-,83,36.6,Thyroid check
227,27,2025-11-29,151/65,AB-,97,37.1,Hypertension follow-up
228,28,2024-06-10,132/79,B+,105,37.2,Migraine
229,29,2026-03-22,110/72,B+,70,38.5,Routine checkup
230,30,2025-08-09,141/95,AB-,84,38.6,Flu symptoms
231,31,2024-03-29,111/99,A-,74,37.3,Thyroid check
232,32,2025-02-24,156/93,O+,107,37.8,Diabetes screening
233,33,2025-04-05,135/64,O-,98,37.7,Diabetes screening
234,34,2025-03-19,118/68,A+,108,36.4,Diabetes screening
235,35,2024-06-14,133/70,AB-,100,36.7,Flu symptoms
236,36,2024-09-13,131/65,B-,95,39.1,Seasonal allergies
237,37,2024-11-06,111/100,A-,87,38.1,Cholesterol review
238,38,2025-11-05,114/70,AB-,108,39.0,Routine checkup
239,39,2024-02-16,98/65,AB+,96,36.7,Cholesterol review
240,40,2025-10-16,148/99,A+,86,38.8,Flu symptoms
241,41,2025-05-09,132/79,B-,106,38.6,Asthma follow-up
242,42,2024-03-15,133/89,A+,65,37.4,Back pain
243,43,2024-12-14,154/73,B+,75,38.8,Annual physical
244,44,2024-05-13,139/85,AB-,87,37.8,Annual physical
245,45,2024-05-05,125/89,AB+,83,36.8,Hypertension follow-up
246,46,2025-01-28,101/78,O+,70,39.1,Joint pain
247,47,2025-08-14,115/80,AB-,67,38.4,Back pain
248,48,2025-05-25,160/89,AB+,86,36.1,Asthma follow-up
249,49,2024-09-03,159/89,B-,92,37.1,Routine checkup
250,50,2025-09-03,131/91,O-,73,37.7,Vaccination visit
251,51,2024-05-17,108/87,AB+,101,37.2,Asthma follow-up
252,52,2025-02-14,141/62,A+,91,37.8,Annual physical
253,53,2025-01-30,131/64,O-,103,37.8,Vaccination visit
254,54,2024-04-09,110/68,O+,78,38.5,Annual physical
255,55,2024-07-22,141/69,O+,87,36.1,Routine checkup
256,56,2025-04-30,112/81,O-,64,37.9,Flu symptoms
257,57,2025-09-19,112/80,AB-,65,37.3,Cholesterol review
258,58,2024-12-10,133/97,O-,100,37.8,Back pain
259,59,2024-12-05,97/83,A-,81,37.9,Medication review
260,60,2025-04-30,98/98,AB+,96,38.5,Medication review
261,61,2025-08-20,124/63,O-,65,37.7,Thyroid check
262,62,2025-11-28,143/69,B-,57,37.8,Thyroid check
263,63,2024-01-20,109/72,O-,75,37.3,Asthma follow-up
264,64,2025-05-28,121/86,O-,110,38.7,Thyroid check
265,65,2025-06-15,102/68,B-,90,37.0,Anemia evaluation
266,66,2025-01-20,156/93,AB-,66,37.5,Flu symptoms
267,67,2024-12-28,138/94,AB+,94,37.5,Migraine
268,68,2024-11-01,130/95,B-,74,38.5,Thyroid check
269,69,2024-11-20,121/91,O-,77,37.8,Joint pain
270,70,2024-05-04,130/78,O+,80,38.6,Medication review
271,71,2024-02-13,113/78,AB+,100,36.3,Joint pain
272,72,2026-02-04,151/76,O-,68,36.6,Flu symptoms
273,73,2025-12-13,129/95,AB+,63,36.3,Thyroid check
274,74,2024-02-21,125/75,B-,95,36.7,Hypertension follow-up
275,75,2026-01-04,147/81,O-,61,38.2,Diabetes screening
276,76,2024-06-10,95/95,O+,96,39.0,Joint pain
277,77,2025-10-28,155/90,B-,103,39.1,Annual physical
278,78,2026-02-26,131/63,A-,96,37.8,Flu symptoms
279,79,2025-03-03,99/71,B+,57,39.2,Asthma follow-up
280,80,2026-02-05,158/71,AB+,57,36.0,Cholesterol review
281,81,2024-10-18,108/81,O-,96,37.7,Back pain
282,82,2025-04-24,112/92,AB+,67,38.6,Annual physical
283,83,2025-10-25,115/89,AB+,100,36.6,Thyroid check
284,84,2025-08-04,138/78,B-,66,38.0,Anemia evaluation
285,85,2025-06-11,146/87,AB-,60,37.3,Hypertension follow-up
286,86,2025-05-03,118/68,AB-,70,36.0,Asthma follow-up
287,87,2026-02-10,125/88,AB+,76,37.0,Thyroid check
288,88,2025-10-31,96/76,AB-,99,36.8,Anemia evaluation
289,89,2024-11-10,110/89,B+,80,38.2,Joint pain
290,90,2025-10-16,134/67,AB+,78,38.0,Migraine
291,91,2024-06-05,112/90,O-,102,39.2,Annual physical
292,92,2025-04-27,148/95,B-,103,36.8,Medication review
293,93,2025-04-02,105/93,AB-,59,38.9,Hypertension follow-up
294,94,2025-06-01,102/95,B-,91,37.7,Diabetes screening
295,95,2025-03-28,136/93,A-,98,36.7,Cholesterol review
296,96,2025-06-06,157/65,O-,106,36.2,Diabetes screening
297,97,2025-04-12,160/86,A+,90,37.5,Medication review
298,98,2025-02-09,134/61,AB+,107,36.0,Migraine
299,99,2025-03-09,104/62,AB-,99,36.2,Routine checkup
300,100,2024-02-02,103/90,AB+,81,36.6,Diabetes screening
301,1,2025-01-26,148/83,O-,110,38.9,Asthma follow-up
302,2,2025-11-30,143/65,B+,96,38.8,Hypertension follow-up
303,3,2025-02-06,117/94,B+,101,39.1,Vaccination visit
304,4,2024-11-01,95/61,O-,98,38.3,Asthma follow-up
305,5,2024-09-10,143/74,O-,77,36.5,Migraine
306,6,2025-11-07,109/62,O+,94,38.5,Joint pain
307,7,2024-07-30,97/75,A-,61,37.9,Back pain
308,8,2026-01-28,101/75,A+,80,37.4,Flu symptoms
309,9,2024-05-23,122/63,AB+,69,38.6,Thyroid check
310,10,2025-09-04,135/96,AB-,70,37.0,Diabetes screening
311,11,2024-11-03,123/86,AB+,58,37.8,Cholesterol review
312,12,2025-11-26,117/100,O+,90,37.6,Annual physical
313,13,2024-11-22,143/93,O+,81,36.5,Asthma follow-up
314,14,2025-04-29,118/94,B-,109,36.7,Vaccination visit
315,15,2024-02-29,113/89,O+,81,37.8,Diabetes screening
316,16,2024-09-18,144/75,B-,76,38.1,Joint pain
317,17,2024-04-04,152/83,B-,58,36.9,Anemia evaluation
318,18,2024-07-11,100/64,B-,85,36.7,Joint pain
319,19,2024-01-16,137/79,B-,67,39.1,Hypertension follow-up
320,20,2025-12-13,156/75,B-,80,38.9,Flu symptoms
321,21,2025-01-24,136/78,O-,89,38.1,Seasonal allergies
322,22,2025-06-09,128/83,O-,84,36.3,Thyroid check
323,23,2024-07-27,155/80,AB-,75,37.3,Cholesterol review
324,24,2024-01-17,123/69,AB+,90,39.0,Cholesterol review
325,25,2024-06-05,148/78,B-,76,36.7,Cholesterol review
326,26,2025-07-17,126/91,AB-,71,38.4,Back pain
327,27,2024-06-21,157/89,AB-,65,36.4,Flu symptoms
328,28,2025-07-09,157/71,A+,88,36.1,Vaccination visit
329,29,2026-02-21,104/63,A+,81,36.4,Anemia evaluation
330,30,2025-12-25,124/64,B+,55,36.7,Back pain
331,31,2025-09-24,142/63,O-,97,37.6,Routine checkup
332,32,2024-01-18,147/60,AB+,89,39.1,Routine checkup
333,33,2024-07-02,159/87,A-,61,37.7,Migraine
334,34,2025-06-23,119/99,AB+,107,37.1,Medication review
335,35,2025-01-17,145/65,O+,84,37.8,Thyroid check
336,36,2025-12-01,123/79,A-,96,39.2,Anemia evaluation
337,37,2025-02-19,99/65,O+,79,37.8,Routine checkup
338,38,2024-03-25,96/70,O-,109,37.4,Medication review
339,39,2024-04-07,137/96,A+,69,36.7,Vaccination visit
340,40,2024-02-17,155/77,A-,98,39.0,Joint pain
341,41,2024-11-18,99/71,A+,68,37.9,Medication review
342,42,2024-11-02,145/64,B+,91,36.8,Vaccination visit
343,43,2024-12-05,144/94,O+,103,38.4,Medication review
344,44,2026-02-02,105/92,AB-,58,36.3,Migraine
345,45,2025-09-11,104/81,O+,104,37.0,Anemia evaluation
346,46,2025-05-17,129/88,B-,77,37.8,Asthma follow-up
347,47,2025-11-27,150/71,O+,60,38.5,Seasonal allergies
348,48,2024-03-25,126/64,AB+,64,37.2,Medication review
349,49,2024-11-20,114/84,AB-,61,36.3,Seasonal allergies
350,50,2026-02-18,151/83,AB+,61,36.4,Diabetes screening
351,51,2025-07-24,150/88,O+,61,36.1,Annual physical
352,52,2025-09-04,106/98,AB-,110,37.2,Seasonal allergies
353,53,2026-03-08,147/84,A-,101,38.9,Joint pain
354,54,2025-06-17,126/96,B+,98,37.2,Diabetes screening
355,55,2024-10-01,129/79,O-,64,36.2,Asthma follow-up
356,56,2024-11-02,130/86,O-,105,36.2,Seasonal allergies
357,57,2025-05-22,126/100,B-,84,36.3,Seasonal allergies
358,58,2024-12-06,95/85,O+,106,38.8,Back pain
359,59,2025-10-28,137/87,B+,74,37.0,Thyroid check
360,60,2024-11-17,120/90,B+,80,39.1,Seasonal allergies
361,61,2026-03-11,157/96,B-,75,37.2,Vaccination visit
362,62,2024-04-26,145/83,B-,92,39.2,Diabetes screening
363,63,2025-12-26,98/89,B-,83,38.6,Vaccination visit
364,64,2025-11-20,103/86,O-,63,38.0,Migraine
365,65,2026-01-02,127/69,O+,105,37.2,Back pain
366,66,2025-02-14,156/97,O+,89,36.1,Annual physical
367,67,2026-02-26,105/66,B-,97,38.1,Diabetes screening
368,68,2025-10-22,100/96,O+,103,37.1,Medication review
369,69,2024-01-11,150/66,A-,71,36.7,Thyroid check
370,70,2025-01-18,123/88,O+,84,38.5,Cholesterol review
371,71,2024-12-19,159/69,A+,85,36.3,Asthma follow-up
372,72,2026-01-17,105/67,B+,77,37.0,Back pain
373,73,2025-05-09,121/93,AB-,85,36.3,Thyroid check
374,74,2024-03-09,152/80,AB+,57,38.6,Hypertension follow-up
375,75,2025-10-25,97/81,A-,98,38.6,Joint pain
376,76,2024-06-27,126/93,B+,76,37.8,Back pain
377,77,2025-10-06,124/85,B+,66,38.0,Asthma follow-up
378,78,2026-01-25,145/61,B-,83,37.9,Asthma follow-up
379,79,2024-07-29,95/73,AB+,103,38.3,Medication review
380,80,2024-04-14,103/96,B+,78,37.0,Back pain
381,81,2025-11-17,109/76,O-,88,39.1,Annual physical
382,82,2025-02-05,144/99,A-,77,37.1,Back pain
383,83,2025-09-21,117/79,A-,98,36.4,Hypertension follow-up
384,84,2024-04-29,125/79,B+,78,38.2,Flu symptoms
385,85,2025-09-02,144/86,B+,91,37.2,Diabetes screening
386,86,2025-07-04,157/100,B+,90,36.5,Seasonal allergies
387,87,2024-11-18,112/71,O-,94,36.2,Annual physical
388,88,2024-05-19,96/91,B-,107,37.2,Flu symptoms
389,89,2025-02-22,159/91,O-,81,38.3,Back pain
390,90,2024-03-25,157/70,A+,105,38.4,Seasonal allergies
391,91,2024-08-18,99/77,AB+,65,38.5,Cholesterol review
392,92,2025-06-07,158/95,A-,91,36.4,Medication review
393,93,2026-02-13,141/94,A+,103,38.3,Flu symptoms
394,94,2024-04-14,122/87,B-,74,38.8,Routine checkup
395,95,2024-12-22,152/76,A-,83,38.8,Hypertension follow-up
396,96,2026-01-25,125/73,AB-,110,38.3,Anemia evaluation
397,97,2025-09-22,149/70,B+,105,36.7,Migraine
398,98,2024-12-25,102/96,AB+,93,37.7,Annual physical
399,99,2025-08-09,132/78,AB+,109,37.6,Joint pain
400,100,2026-02-07,107/68,O+,58,39.2,Vaccination visit
401,1,2024-09-12,111/68,B+,100,37.0,Migraine
402,2,2024-05-25,145/91,AB+,95,37.3,Back pain
403,3,2026-03-24,104/100,A-,80,37.6,Seasonal allergies
404,4,2025-05-14,142/89,AB-,92,36.0,Medication review
405,5,2025-10-12,106/89,AB-,109,36.2,Flu symptoms
406,6,2025-03-15,145/73,B-,86,36.9,Vaccination visit
407,7,2025-07-14,131/81,B+,91,38.7,Medication review
408,8,2024-02-17,138/63,A-,95,38.5,Back pain
409,9,2024-06-10,97/67,O-,84,36.0,Asthma follow-up
410,10,2025-10-27,120/68,AB+,65,38.8,Joint pain
411,11,2025-11-01,130/65,AB-,71,36.3,Anemia evaluation
412,12,2025-02-09,116/63,AB+,101,38.2,Migraine
413,13,2025-12-21,149/65,A-,55,36.7,Hypertension follow-up
414,14,2024-08-19,111/97,O-,55,36.0,Annual physical
415,15,2025-12-11,110/87,B+,85,36.2,Asthma follow-up
416,16,2024-04-15,106/66,AB-,78,38.8,Diabetes screening
417,17,2025-10-18,143/68,B+,59,37.7,Routine checkup
418,18,2024-12-25,116/88,B-,95,38.4,Joint pain
419,19,2025-12-04,147/99,O-,110,36.7,Joint pain
420,20,2026-02-09,107/68,A-,92,38.3,Annual physical
421,21,2026-03-21,149/80,B+,70,36.9,Hypertension follow-up
422,22,2025-09-07,126/95,AB+,104,39.0,Routine checkup
423,23,2025-06-14,133/73,B-,102,37.3,Anemia evaluation
424,24,2025-05-21,101/75,O+,62,36.8,Anemia evaluation
425,25,2024-01-13,104/93,AB-,75,36.4,Vaccination visit
426,26,2025-07-13,148/83,B+,103,37.5,Medication review
427,27,2025-08-24,104/61,A-,55,36.8,Routine checkup
428,28,2025-06-02,102/85,AB+,95,38.3,Medication review
429,29,2025-12-19,148/87,O+,60,38.0,Flu symptoms
430,30,2024-03-26,114/77,AB+,60,37.6,Migraine
431,31,2024-11-30,114/94,O+,92,38.0,Vaccination visit
432,32,2025-12-16,103/79,O+,101,39.1,Migraine
433,33,2024-03-29,102/75,O+,62,37.5,Cholesterol review
434,34,2025-11-13,102/79,B+,62,36.0,Diabetes screening
435,35,2025-05-23,96/70,AB-,88,37.7,Vaccination visit
436,36,2025-01-15,128/70,B+,102,38.5,Seasonal allergies
437,37,2024-12-09,110/61,O+,72,37.7,Seasonal allergies
438,38,2025-04-11,104/91,AB-,58,37.6,Cholesterol review
439,39,2024-06-10,116/83,AB+,104,36.3,Cholesterol review
440,40,2026-01-28,109/74,A+,57,38.7,Routine checkup
441,41,2025-04-28,126/62,AB-,79,38.9,Diabetes screening
442,42,2026-01-01,99/95,O+,69,37.0,Asthma follow-up
443,43,2024-03-20,135/77,AB-,62,37.6,Joint pain
444,44,2024-08-16,101/71,A+,80,36.2,Back pain
445,45,2024-12-01,131/79,A-,90,37.5,Annual physical
446,46,2025-07-31,120/78,AB+,102,38.0,Back pain
447,47,2025-05-20,142/97,B-,101,38.9,Medication review
448,48,2024-01-07,126/69,O+,56,36.7,Annual physical
449,49,2024-01-02,96/81,O+,109,38.4,Seasonal allergies
450,50,2025-06-26,108/73,B-,81,37.6,Routine checkup
451,51,2024-04-05,113/77,A+,69,38.9,Flu symptoms
452,52,2025-04-14,147/83,A-,92,36.3,Diabetes screening
453,53,2025-08-29,145/64,A+,82,38.1,Diabetes screening
454,54,2024-09-24,125/78,AB-,106,37.3,Vaccination visit
455,55,2025-04-08,136/80,AB+,69,36.2,Migraine
456,56,2024-04-21,112/97,B+,61,36.5,Back pain
457,57,2024-05-03,135/86,AB-,104,36.7,Seasonal allergies
458,58,2024-05-02,154/76,A-,65,38.6,Seasonal allergies
459,59,2024-12-01,100/73,B+,60,38.3,Annual physical
460,60,2024-02-20,145/92,AB+,71,38.6,Diabetes screening
461,61,2025-04-08,98/85,B-,61,37.5,Medication review
462,62,2024-01-13,112/67,A+,108,38.5,Migraine
463,63,2025-02-14,111/72,AB-,98,38.0,Anemia evaluation
464,64,2025-08-23,105/97,AB+,107,36.2,Hypertension follow-up
465,65,2024-05-11,120/88,A-,109,38.7,Annual physical
466,66,2025-04-17,110/62,A+,65,39.0,Asthma follow-up
467,67,2024-01-31,145/91,O+,98,37.4,Annual physical
468,68,2024-10-08,122/71,AB+,83,38.8,Routine checkup
469,69,2025-05-25,126/78,O+,90,37.5,Hypertension follow-up
470,70,2024-05-20,130/84,O+,67,38.1,Medication review
471,71,2025-07-10,126/100,A+,79,38.5,Annual physical
472,72,2026-03-11,156/94,O-,77,38.9,Flu symptoms
473,73,2024-10-03,136/84,B+,56,37.0,Migraine
474,74,2024-02-29,98/77,O-,88,37.1,Cholesterol review
475,75,2024-04-12,124/70,B-,97,36.8,Flu symptoms
476,76,2025-08-12,102/74,O+,77,39.0,Vaccination visit
477,77,2024-08-30,117/71,AB-,106,38.4,Annual physical
478,78,2025-08-04,98/82,B+,91,39.0,Vaccination visit
479,79,2024-11-12,158/94,B+,86,36.1,Routine checkup
480,80,2024-08-12,124/98,A+,88,37.5,Annual physical
481,81,2024-12-14,120/68,B+,106,38.7,Annual physical
482,82,2024-05-31,102/61,B+,104,36.4,Flu symptoms
483,83,2025-01-17,141/64,O+,92,36.3,Seasonal allergies
484,84,2024-06-10,136/68,O+,105,38.0,Back pain
485,85,2025-12-25,135/71,AB-,69,38.1,Vaccination visit
486,86,2024-11-10,117/84,AB+,63,36.6,Routine checkup
487,87,2024-02-03,145/96,B+,93,37.0,Medication review
488,88,2025-08-02,123/100,A-,86,36.5,Thyroid check
489,89,2024-12-21,104/75,AB-,65,38.0,Hypertension follow-up
490,90,2024-01-12,137/88,AB+,68,36.8,Hypertension follow-up
491,91,2026-03-16,139/76,A-,101,36.0,Asthma follow-up
492,92,2024-06-19,151/86,O+,86,38.8,Annual physical
493,93,2025-05-05,143/66,B-,65,37.4,Medication review
494,94,2024-01-21,99/78,AB-,71,39.0,Hypertension follow-up
495,95,2025-01-19,138/70,B+,101,36.2,Joint pain
496,96,2025-08-31,106/81,O-,100,36.1,Anemia evaluation
497,97,2025-03-20,116/98,B+,58,36.3,Migraine
498,98,2025-12-14,119/86,AB+,97,36.9,Migraine
499,99,2025-02-06,107/63,O-,64,36.2,Routine checkup
500,100,2024-10-28,149/65,O-,67,36.3,Migraine
